-- Test data for organizations
INSERT INTO `organizations` (`id`, `org_name`, `address`) VALUES
('org-001', '阿里巴巴集团', '浙江省杭州市西湖区文三路969号'),
('org-002', '腾讯科技', '广东省深圳市南山区科技园'),
('org-003', '百度在线', '北京市海淀区上地十街10号'),
('org-004', '字节跳动', '北京市海淀区知春路甲48号'),
('org-005', '美团点评', '北京市朝阳区望京东路6号'),
('org-006', '京东集团', '北京市亦庄经济开发区科创十一街18号'),
('org-007', '网易公司', '浙江省杭州市滨江区网商路599号'),
('org-008', '小米科技', '北京市海淀区清河中街68号'),
('org-009', '华为技术', '广东省深圳市龙岗区坂田华为基地'),
('org-010', '联想集团', '北京市海淀区科学院南路2号');

-- Test data for admins
INSERT INTO `admins` (`admin_wxid`, `admin_name`, `org_id`, `admin_phone`, `admin_passwd`) VALUES
('admin001', '已晨', 'org-001', '18911587509', '$2a$10$X7Q8Y9Z0A1B2C3D4E5F6G7H8I9J0K1L2M3N4O5P6Q7R8S9T0U1V2W3X4Y5Z6'),
('admin002', '李四', 'org-002', '13800138002', '$2a$10$X7Q8Y9Z0A1B2C3D4E5F6G7H8I9J0K1L2M3N4O5P6Q7R8S9T0U1V2W3X4Y5Z6'),
('admin003', '王五', 'org-003', '13800138003', '$2a$10$X7Q8Y9Z0A1B2C3D4E5F6G7H8I9J0K1L2M3N4O5P6Q7R8S9T0U1V2W3X4Y5Z6'),
('admin004', '赵六', 'org-004', '13800138004', '$2a$10$X7Q8Y9Z0A1B2C3D4E5F6G7H8I9J0K1L2M3N4O5P6Q7R8S9T0U1V2W3X4Y5Z6'),
('admin005', '钱七', 'org-005', '13800138005', '$2a$10$X7Q8Y9Z0A1B2C3D4E5F6G7H8I9J0K1L2M3N4O5P6Q7R8S9T0U1V2W3X4Y5Z6'),
('admin006', '孙八', 'org-006', '13800138006', '$2a$10$X7Q8Y9Z0A1B2C3D4E5F6G7H8I9J0K1L2M3N4O5P6Q7R8S9T0U1V2W3X4Y5Z6'),
('admin007', '周九', 'org-007', '13800138007', '$2a$10$X7Q8Y9Z0A1B2C3D4E5F6G7H8I9J0K1L2M3N4O5P6Q7R8S9T0U1V2W3X4Y5Z6'),
('admin008', '吴十', 'org-008', '13800138008', '$2a$10$X7Q8Y9Z0A1B2C3D4E5F6G7H8I9J0K1L2M3N4O5P6Q7R8S9T0U1V2W3X4Y5Z6'),
('admin009', '郑十一', 'org-009', '13800138009', '$2a$10$X7Q8Y9Z0A1B2C3D4E5F6G7H8I9J0K1L2M3N4O5P6Q7R8S9T0U1V2W3X4Y5Z6'),
('admin010', '王十二', 'org-010', '13800138010', '$2a$10$X7Q8Y9Z0A1B2C3D4E5F6G7H8I9J0K1L2M3N4O5P6Q7R8S9T0U1V2W3X4Y5Z6');

-- Test data for users
INSERT INTO `users` (`wxid`, `user_name`, `user_org`, `user_phone`, `status`, `org_id`) VALUES
('user001', '张三', '研发部', '13900139001', 1, 'org-001'),
('user002', '李四', '产品部', '13900139002', 1, 'org-002'),
('user003', '王五', '市场部', '13900139003', 1, 'org-003'),
('user004', '赵六', '运营部', '13900139004', 1, 'org-004'),
('user005', '钱七', '设计部', '13900139005', 1, 'org-005'),
('user006', '孙八', '测试部', '13900139006', 1, 'org-006'),
('user007', '周九', '人力资源部', '13900139007', 1, 'org-007'),
('user008', '吴十', '财务部', '13900139008', 1, 'org-008'),
('user009', '郑十一', '法务部', '13900139009', 1, 'org-009'),
('user010', '王十二', '行政部', '13900139010', 1, 'org-010');

-- Test data for suggestions
INSERT INTO `suggestions` (`title`, `problem_description`, `problem_analysis`, `suggestion`, `expected_outcome`, `image_urls`, `user_wxid`, `status`, `org_id`) VALUES
('优化办公环境', '办公室空调温度不稳定，影响工作效率', '空调系统老化，需要更新维护', '建议更换新的空调系统，并定期维护', '提高员工工作舒适度，提升工作效率', '["/images/ac1.jpg", "/images/ac2.jpg"]', 'user001', 1, 'org-001'),
('改进食堂服务', '食堂菜品单一，营养不均衡', '厨师团队需要培训，食材采购需要优化', '建议增加菜品种类，聘请营养师指导', '提高员工满意度，改善员工健康', '["/images/food1.jpg", "/images/food2.jpg"]', 'user002', 1, 'org-002'),
('优化考勤系统', '考勤打卡经常出现故障', '系统服务器负载过高，需要优化', '建议升级服务器配置，优化系统架构', '提高考勤系统稳定性，减少故障', '["/images/attendance1.jpg"]', 'user003', 1, 'org-003'),
('改善会议室管理', '会议室预约经常冲突', '缺乏有效的预约管理系统', '建议开发会议室预约系统', '提高会议室使用效率，减少冲突', '["/images/meeting1.jpg"]', 'user004', 1, 'org-004'),
('优化网络环境', '公司网络速度不稳定', '网络设备老化，带宽不足', '建议升级网络设备，增加带宽', '提高网络稳定性，提升工作效率', '["/images/network1.jpg"]', 'user005', 1, 'org-005'),
('改进培训体系', '员工培训效果不佳', '培训内容不够实用，形式单一', '建议优化培训内容，增加实践环节', '提高培训效果，提升员工能力', '["/images/training1.jpg"]', 'user006', 1, 'org-006'),
('优化报销流程', '报销审批流程繁琐', '流程设计不合理，审批环节过多', '建议简化审批流程，优化系统', '提高报销效率，减少员工等待时间', '["/images/reimbursement1.jpg"]', 'user007', 1, 'org-007'),
('改善办公设备', '打印机经常故障', '设备老化，维护不及时', '建议更换新设备，建立维护制度', '提高办公效率，减少设备故障', '["/images/printer1.jpg"]', 'user008', 1, 'org-008'),
('优化停车管理', '停车位紧张，管理混乱', '缺乏有效的停车管理系统', '建议开发停车管理系统，优化车位分配', '改善停车秩序，提高员工满意度', '["/images/parking1.jpg"]', 'user009', 1, 'org-009'),
('改进清洁服务', '办公区域清洁不及时', '清洁人员不足，管理不到位', '建议增加清洁人员，加强管理', '保持办公环境整洁，提升企业形象', '["/images/cleaning1.jpg"]', 'user010', 1, 'org-010'); 